floor2,floor3,floor4,floor5,floor6,floor7,floor8
72.71666666666665,71.38461538461539,58.11090909090908,72.07636363636364,72.69,72.82555555555555,71.21833333333332
